time_utc_iso,twl_ft_mllw,tide_ft_mllw,surge_ft,src_time
2026-03-03T18:00:00.000Z,0.278,-0.173,0.2,202603031800
2026-03-03T19:00:00.000Z,0,-0.242,0.2,202603031900
2026-03-03T20:00:00.000Z,0.488,0.311,0.2,202603032000
2026-03-03T21:00:00.000Z,1.479,1.223,0.2,202603032100
2026-03-03T22:00:00.000Z,2.528,2.267,0.2,202603032200
2026-03-03T23:00:00.000Z,3.45,3.301,0.2,202603032300
2026-03-04T00:00:00.000Z,4.208,4.038,0.2,202603040000
2026-03-04T01:00:00.000Z,4.569,4.205,0.2,202603040100
2026-03-04T02:00:00.000Z,4.149,3.804,0.2,202603040200
2026-03-04T03:00:00.000Z,3.148,2.98,0.2,202603040300
2026-03-04T04:00:00.000Z,2.128,1.892,0.2,202603040400
2026-03-04T05:00:00.000Z,1.259,0.775,0.1,202603040500
2026-03-04T06:00:00.000Z,0.541,-0.073,0.1,202603040600
2026-03-04T07:00:00.000Z,0.17,-0.37,0,202603040700
2026-03-04T08:00:00.000Z,0.38,0.004,0,202603040800
2026-03-04T09:00:00.000Z,1.41,0.856,0,202603040900
2026-03-04T10:00:00.000Z,2.479,1.893,0,202603041000
2026-03-04T11:00:00.000Z,3.299,2.957,0,202603041100
2026-03-04T12:00:00.000Z,4.09,3.831,0,202603041200
2026-03-04T13:00:00.000Z,4.457,4.2,0,202603041300
2026-03-04T14:00:00.000Z,4.319,3.963,0,202603041400
2026-03-04T15:00:00.000Z,3.489,3.259,0,202603041500
2026-03-04T16:00:00.000Z,2.25,2.254,0,202603041600
2026-03-04T17:00:00.000Z,1.371,1.156,0,202603041700
2026-03-04T18:00:00.000Z,0.439,0.235,0,202603041800
2026-03-04T19:00:00.000Z,-0.18,-0.231,0,202603041900
2026-03-04T20:00:00.000Z,-0.16,-0.051,0,202603042000
2026-03-04T21:00:00.000Z,0.56,0.69,0.1,202603042100
2026-03-04T22:00:00.000Z,1.699,1.685,0.1,202603042200
2026-03-04T23:00:00.000Z,2.768,2.726,0.1,202603042300
2026-03-05T00:00:00.000Z,3.598,3.664,0,202603050000
2026-03-05T01:00:00.000Z,4.208,4.209,0.1,202603050100
2026-03-05T02:00:00.000Z,4.29,4.156,0.1,202603050200
2026-03-05T03:00:00.000Z,3.689,3.577,0.1,202603050300
2026-03-05T04:00:00.000Z,2.709,2.649,0.1,202603050400
2026-03-05T05:00:00.000Z,1.869,1.551,0.1,202603050500
2026-03-05T06:00:00.000Z,1.108,0.527,0.1,202603050600
2026-03-05T07:00:00.000Z,0.4,-0.148,0.1,202603050700
2026-03-05T08:00:00.000Z,0.278,-0.237,0.1,202603050800
2026-03-05T09:00:00.000Z,0.839,0.301,0.2,202603050900
2026-03-05T10:00:00.000Z,1.889,1.211,0.2,202603051000
2026-03-05T11:00:00.000Z,2.82,2.211,0.2,202603051100
2026-03-05T12:00:00.000Z,3.568,3.161,0.1,202603051200
2026-03-05T13:00:00.000Z,4.218,3.837,0.2,202603051300
2026-03-05T14:00:00.000Z,4.408,3.968,0.2,202603051400
2026-03-05T15:00:00.000Z,3.958,3.539,0.2,202603051500
2026-03-05T16:00:00.000Z,3.05,2.734,0.2,202603051600
2026-03-05T17:00:00.000Z,2.02,1.741,0.2,202603051700
2026-03-05T18:00:00.000Z,1.269,0.771,0.2,202603051800
2026-03-05T19:00:00.000Z,0.629,0.072,0.2,202603051900
2026-03-05T20:00:00.000Z,0.249,-0.122,0.3,202603052000
2026-03-05T21:00:00.000Z,0.639,0.302,0.3,202603052100
2026-03-05T22:00:00.000Z,1.669,1.181,0.4,202603052200
2026-03-05T23:00:00.000Z,2.587,2.192,0.5,202603052300
2026-03-06T00:00:00.000Z,3.519,3.155,0.4,202603060000
2026-03-06T01:00:00.000Z,4.29,3.923,0.5,202603060100
2026-03-06T02:00:00.000Z,4.778,4.228,0.6,202603060200
2026-03-06T03:00:00.000Z,4.778,3.944,0.6,202603060300
2026-03-06T04:00:00.000Z,4.168,3.218,0.7,202603060400
2026-03-06T05:00:00.000Z,3.207,2.249,0.8,202603060500
2026-03-06T06:00:00.000Z,2.22,1.226,0.7,202603060600
2026-03-06T07:00:00.000Z,1.4,0.373,0.8,202603060700
2026-03-06T08:00:00.000Z,0.941,-0.079,0.8,202603060800
2026-03-06T09:00:00.000Z,1.059,0.044,0.8,202603060900
2026-03-06T10:00:00.000Z,1.79,0.705,0.9,202603061000
2026-03-06T11:00:00.000Z,2.587,1.61,0.9,202603061100
2026-03-06T12:00:00.000Z,3.339,2.507,0.8,202603061200
2026-03-06T13:00:00.000Z,4.09,3.282,0.8,202603061300
2026-03-06T14:00:00.000Z,4.509,3.717,0.8,202603061400
2026-03-06T15:00:00.000Z,4.798,3.604,0.9,202603061500
2026-03-06T16:00:00.000Z,4.267,3.016,0.9,202603061600
2026-03-06T17:00:00.000Z,3.348,2.176,0.9,202603061700
2026-03-06T18:00:00.000Z,2.41,1.275,0.9,202603061800
2026-03-06T19:00:00.000Z,1.659,0.508,0.9,202603061900
2026-03-06T20:00:00.000Z,0.99,0.075,0.9,202603062000
2026-03-06T21:00:00.000Z,0.908,0.15,0.9,202603062100
2026-03-06T22:00:00.000Z,1.479,0.773,0.9,202603062200
2026-03-06T23:00:00.000Z,2.489,1.717,0.9,202603062300
2026-03-07T00:00:00.000Z,3.329,2.668,0.8,202603070000
2026-03-07T01:00:00.000Z,4.057,3.487,0.8,202603070100
2026-03-07T02:00:00.000Z,4.618,4.037,0.8,202603070200
2026-03-07T03:00:00.000Z,4.798,4.086,0.8,202603070300
2026-03-07T04:00:00.000Z,4.519,3.601,0.8,202603070400
2026-03-07T05:00:00.000Z,3.607,2.789,0.7,202603070500
2026-03-07T06:00:00.000Z,2.699,1.86,0.7,202603070600
2026-03-07T07:00:00.000Z,1.908,0.988,0.7,202603070700
2026-03-07T08:00:00.000Z,1.249,0.354,0.7,202603070800
2026-03-07T09:00:00.000Z,0.879,0.131,0.7,202603070900
2026-03-07T10:00:00.000Z,1.128,0.431,0.6,202603071000
2026-03-07T11:00:00.000Z,1.8,1.15,0.6,202603071100
2026-03-07T12:00:00.000Z,2.66,1.981,0.6,202603071200
2026-03-07T13:00:00.000Z,3.398,2.723,0.6,202603071300
2026-03-07T14:00:00.000Z,3.89,3.287,0.6,202603071400
2026-03-07T15:00:00.000Z,4.149,3.474,0.6,202603071500
2026-03-07T16:00:00.000Z,3.968,3.15,0.5,202603071600
2026-03-07T17:00:00.000Z,3.158,2.468,0.5,202603071700
2026-03-07T18:00:00.000Z,2.42,1.67,0.5,202603071800
2026-03-07T19:00:00.000Z,1.708,0.932,0.5,202603071900
2026-03-07T20:00:00.000Z,1.17,0.41,0.5,202603072000
2026-03-07T21:00:00.000Z,0.77,0.243,0.5,202603072100
2026-03-07T22:00:00.000Z,0.898,0.544,0.5,202603072200
2026-03-07T23:00:00.000Z,1.669,1.29,0.5,202603072300
2026-03-08T00:00:00.000Z,2.548,2.215,0.5,202603080000
2026-03-08T01:00:00.000Z,3.319,3.043,0.5,202603080100
2026-03-08T02:00:00.000Z,3.949,3.68,0.5,202603080200
2026-03-08T03:00:00.000Z,4.28,3.998,0.5,202603080300
2026-03-08T04:00:00.000Z,4.309,3.817,0.4,202603080400
2026-03-08T05:00:00.000Z,3.847,3.191,0.4,202603080500
2026-03-08T06:00:00.000Z,2.978,2.37,0.4,202603080600
2026-03-08T07:00:00.000Z,2.259,1.552,0.3,202603080700
2026-03-08T08:00:00.000Z,1.61,0.877,0.3,202603080800
2026-03-08T09:00:00.000Z,1.098,0.468,0.2,202603080900
2026-03-08T10:00:00.000Z,0.888,0.439,0.2,202603081000
2026-03-08T11:00:00.000Z,1.19,0.852,0.1,202603081100
2026-03-08T12:00:00.000Z,1.748,1.556,0.2,202603081200
2026-03-08T13:00:00.000Z,2.387,2.26,0.1,202603081300
2026-03-08T14:00:00.000Z,2.919,2.822,0.1,202603081400
2026-03-08T15:00:00.000Z,3.339,3.177,0.1,202603081500
2026-03-08T16:00:00.000Z,3.499,3.146,0.1,202603081600
2026-03-08T17:00:00.000Z,3.279,2.674,0,202603081700
2026-03-08T18:00:00.000Z,2.578,1.977,0.1,202603081800
2026-03-08T19:00:00.000Z,2,1.292,0.1,202603081900
2026-03-08T20:00:00.000Z,1.318,0.758,0.1,202603082000
2026-03-08T21:00:00.000Z,0.918,0.478,0.1,202603082100
2026-03-08T22:00:00.000Z,0.76,0.531,0.1,202603082200
2026-03-08T23:00:00.000Z,1.118,0.983,0,202603082300
2026-03-09T00:00:00.000Z,1.758,1.766,0,202603090000
2026-03-09T01:00:00.000Z,2.611,2.606,0,202603090100
2026-03-09T02:00:00.000Z,3.294,3.277,0,202603090200
2026-03-09T03:00:00.000Z,3.758,3.728,0,202603090300
2026-03-09T04:00:00.000Z,3.883,3.84,0,202603090400
2026-03-09T05:00:00.000Z,3.539,3.484,0,202603090500
2026-03-09T06:00:00.000Z,2.862,2.794,0,202603090600
2026-03-09T07:00:00.000Z,2.116,2.035,0,202603090700
2026-03-09T08:00:00.000Z,1.465,1.372,0,202603090800
2026-03-09T09:00:00.000Z,1.102,0.896,0.1,202603090900
2026-03-09T10:00:00.000Z,0.892,0.673,0.1,202603091000
2026-03-09T11:00:00.000Z,1.006,0.775,0.1,202603091100
2026-03-09T12:00:00.000Z,1.472,1.228,0.1,202603091200
2026-03-09T13:00:00.000Z,2.204,1.86,0.2,202603091300
2026-03-09T14:00:00.000Z,2.657,2.413,0.1,202603091400
2026-03-09T15:00:00.000Z,3.051,2.807,0.1,202603091500
2026-03-09T16:00:00.000Z,3.232,2.988,0.1,202603091600
2026-03-09T17:00:00.000Z,3.043,2.799,0.1,202603091700
2026-03-09T18:00:00.000Z,2.503,2.259,0.1,202603091800
2026-03-09T19:00:00.000Z,1.961,1.617,0.2,202603091900
2026-03-09T20:00:00.000Z,1.428,1.084,0.2,202603092000
2026-03-09T21:00:00.000Z,1.195,0.751,0.3,202603092100
2026-03-09T22:00:00.000Z,1.109,0.665,0.3,202603092200
2026-03-09T23:00:00.000Z,1.305,0.861,0.3,202603092300
2026-03-10T00:00:00.000Z,1.824,1.38,0.3,202603100000
2026-03-10T01:00:00.000Z,2.473,2.129,0.2,202603100100
2026-03-10T02:00:00.000Z,3.19,2.846,0.2,202603100200
2026-03-10T03:00:00.000Z,3.709,3.365,0.2,202603100300
2026-03-10T04:00:00.000Z,4.007,3.663,0.2,202603100400
2026-03-10T05:00:00.000Z,3.967,3.623,0.2,202603100500
2026-03-10T06:00:00.000Z,3.511,3.167,0.2,202603100600
2026-03-10T07:00:00.000Z,2.827,2.483,0.2,202603100700
2026-03-10T08:00:00.000Z,2.173,1.829,0.2,202603100800
2026-03-10T09:00:00.000Z,1.668,1.324,0.2,202603100900
2026-03-10T10:00:00.000Z,1.351,1.007,0.2,202603101000
2026-03-10T11:00:00.000Z,1.245,0.901,0.2,202603101100
2026-03-10T12:00:00.000Z,1.404,1.06,0.2,202603101200
2026-03-10T13:00:00.000Z,1.837,1.493,0.2,202603101300
2026-03-10T14:00:00.000Z,2.368,2.024,0.2,202603101400
2026-03-10T15:00:00.000Z,2.787,2.443,0.2,202603101500
2026-03-10T16:00:00.000Z,2.959,2.715,0.1,202603101600
2026-03-10T17:00:00.000Z,3.127,2.783,0.2,202603101700
2026-03-10T18:00:00.000Z,2.856,2.512,0.2,202603101800
2026-03-10T19:00:00.000Z,2.317,1.973,0.2,202603101900
2026-03-10T20:00:00.000Z,1.773,1.429,0.2,202603102000
2026-03-10T21:00:00.000Z,1.39,1.046,0.2,202603102100
2026-03-10T22:00:00.000Z,1.21,0.866,0.2,202603102200
2026-03-10T23:00:00.000Z,1.137,0.893,0.1,202603102300
2026-03-11T00:00:00.000Z,1.388,1.144,0.1,202603110000
2026-03-11T01:00:00.000Z,1.903,1.659,0.1,202603110100
2026-03-11T02:00:00.000Z,2.579,2.335,0.1,202603110200
2026-03-11T03:00:00.000Z,3.176,2.932,0.1,202603110300
2026-03-11T04:00:00.000Z,3.585,3.341,0.1,202603110400
2026-03-11T05:00:00.000Z,3.79,3.546,0.1,202603110500
2026-03-11T06:00:00.000Z,3.666,3.422,0.1,202603110600
2026-03-11T07:00:00.000Z,3.178,2.934,0.1,202603110700
2026-03-11T08:00:00.000Z,2.548,2.304,0.1,202603110800
2026-03-11T09:00:00.000Z,2.003,1.759,0.1,202603110900
2026-03-11T10:00:00.000Z,1.615,1.371,0.1,202603111000
2026-03-11T11:00:00.000Z,1.385,1.141,0.1,202603111100
2026-03-11T12:00:00.000Z,1.418,1.074,0.2,202603111200
2026-03-11T13:00:00.000Z,1.572,1.228,0.2,202603111300
2026-03-11T14:00:00.000Z,1.957,1.613,0.2,202603111400
2026-03-11T15:00:00.000Z,2.399,2.055,0.2,202603111500
2026-03-11T16:00:00.000Z,2.735,2.391,0.2,202603111600
2026-03-11T17:00:00.000Z,3.055,2.611,0.3,202603111700
2026-03-11T18:00:00.000Z,3.082,2.638,0.3,202603111800
2026-03-11T19:00:00.000Z,2.793,2.349,0.3,202603111900
2026-03-11T20:00:00.000Z,2.302,1.858,0.3,202603112000
2026-03-11T21:00:00.000Z,1.857,1.413,0.3,202603112100
2026-03-11T22:00:00.000Z,1.578,1.134,0.3,202603112200
2026-03-11T23:00:00.000Z,1.469,1.025,0.3,202603112300
2026-03-12T00:00:00.000Z,1.517,1.073,0.3,202603120000
2026-03-12T01:00:00.000Z,1.75,1.306,0.3,202603120100
2026-03-12T02:00:00.000Z,2.22,1.776,0.3,202603120200
2026-03-12T03:00:00.000Z,2.723,2.379,0.2,202603120300
2026-03-12T04:00:00.000Z,3.244,2.9,0.2,202603120400
2026-03-12T05:00:00.000Z,3.61,3.266,0.2,202603120500
2026-03-12T06:00:00.000Z,3.791,3.447,0.2,202603120600
2026-03-12T07:00:00.000Z,3.546,3.302,0.1,202603120700
2026-03-12T08:00:00.000Z,3.073,2.829,0.1,202603120800
2026-03-12T09:00:00.000Z,2.506,2.262,0.1,202603120900
2026-03-12T10:00:00.000Z,1.934,1.79,0,202603121000
2026-03-12T11:00:00.000Z,1.592,1.448,0,202603121100
2026-03-12T12:00:00.000Z,1.266,1.222,-0.1,202603121200
2026-03-12T13:00:00.000Z,1.173,1.129,-0.1,202603121300
2026-03-12T14:00:00.000Z,1.194,1.25,-0.2,202603121400
2026-03-12T15:00:00.000Z,1.441,1.597,-0.3,202603121500
2026-03-12T16:00:00.000Z,1.844,2,-0.3,202603121600
2026-03-12T17:00:00.000Z,2.069,2.325,-0.4,202603121700
2026-03-12T18:00:00.000Z,2.312,2.568,-0.4,202603121800
2026-03-12T19:00:00.000Z,2.358,2.614,-0.4,202603121900
2026-03-12T20:00:00.000Z,2.093,2.349,-0.4,202603122000
2026-03-12T21:00:00.000Z,1.654,1.91,-0.4,202603122100
2026-03-12T22:00:00.000Z,1.368,1.524,-0.3,202603122200
2026-03-12T23:00:00.000Z,1.114,1.27,-0.3,202603122300
2026-03-13T00:00:00.000Z,0.983,1.139,-0.3,202603130000
